{
  "Total" : {
    "transaction" : "Total",
    "sampleCount" : 10,
    "errorCount" : 0,
    "errorPct" : 0.0,
    "meanResTime" : 1260.4,
    "medianResTime" : 1015.0,
    "minResTime" : 888.0,
    "maxResTime" : 3030.0,
    "pct1ResTime" : 2878.4000000000005,
    "pct2ResTime" : 3030.0,
    "pct3ResTime" : 3030.0,
    "throughput" : 0.10992272432479966,
    "receivedKBytesPerSec" : 876.7568528230904,
    "sentKBytesPerSec" : 0.0
  },
  "Requête JDBC" : {
    "transaction" : "Requête JDBC",
    "sampleCount" : 10,
    "errorCount" : 0,
    "errorPct" : 0.0,
    "meanResTime" : 1260.4,
    "medianResTime" : 1015.0,
    "minResTime" : 888.0,
    "maxResTime" : 3030.0,
    "pct1ResTime" : 2878.4000000000005,
    "pct2ResTime" : 3030.0,
    "pct3ResTime" : 3030.0,
    "throughput" : 0.10992272432479966,
    "receivedKBytesPerSec" : 876.7568528230904,
    "sentKBytesPerSec" : 0.0
  }
}